City_ID,City,Lat,Lng,Max Temp,Humidity,Cloudiness,Wind Speed,Country,Date
0,Klyuchi,52.2667,79.1667,-1.37,68,100,4.41,RU,1699297927
1,College,64.8569,-147.8028,-7.03,88,100,0.0,US,1699297927
2,Lagoa Vermelha,-28.2086,-51.5258,24.61,56,0,0.39,BR,1699297928
3,Adamstown,-25.066,-130.1015,22.95,78,100,7.04,PN,1699297928
4,Yung Shue Wan,22.2333,114.1167,26.46,58,12,3.74,HK,1699297928
5,Arraial do Cabo,-22.9661,-42.0278,22.43,66,3,6.18,BR,1699297765
6,Laojunmiao,39.8333,97.7333,0.07,39,100,1.75,CN,1699297928
7,Grytviken,-54.2811,-36.5092,2.99,87,61,0.37,GS,1699297928
8,Coahuayana de Hidalgo,18.7,-103.6583,32.3,51,20,1.73,MX,1699297929
9,San Patricio,28.017,-97.5169,30.92,44,100,5.95,US,1699297929
10,Onega,63.9061,38.1404,0.78,98,100,2.15,RU,1699297929
11,Ad Dabbah,18.05,30.95,31.06,21,0,3.94,SD,1699297929
12,Taoudenni,22.6783,-3.9836,31.56,14,5,3.65,ML,1699297929
13,Isafjordur,66.0755,-23.124,0.8,88,100,8.39,IS,1699297930
14,Tangalle,6.024,80.7911,24.09,89,99,1.29,LK,1699297930
15,Minas de Marcona,-15.2119,-75.1103,20.3,56,25,7.43,PE,1699297785
16,Puerto Ayora,-0.7393,-90.3518,25.31,92,96,4.92,EC,1699297930
17,Blackmans Bay,-43.0167,147.3167,9.18,91,98,1.98,AU,1699297930
18,Ushuaia,-54.8,-68.3,13.79,58,75,6.69,AR,1699297887
19,Colby,39.3958,-101.0524,18.51,41,0,4.63,US,1699297931
20,Tiksi,71.6872,128.8694,-23.97,98,83,3.27,RU,1699297931
21,Zhengjiatun,43.5064,123.5064,-10.89,84,40,5.23,CN,1699297931
22,Voinjama,8.4219,-9.7478,21.49,97,31,2.32,LR,1699297931
23,Alpu,39.769,30.9606,10.15,60,0,1.87,TR,1699297932
24,Topaowan,30.67,112.6895,13.03,48,0,1.63,CN,1699297932
25,Whitehorse,60.7161,-135.0538,-1.57,87,75,6.71,CA,1699297932
26,Invercargill,-46.4,168.35,8.34,92,97,0.45,NZ,1699297933
27,Justo Daract,-33.8594,-65.1828,33.84,22,0,7.75,AR,1699297933
28,Petropavlovsk-Kamchatskiy,53.0452,158.6483,-4.75,72,0,4.47,RU,1699297933
29,Kavaratti,10.5669,72.642,28.37,74,86,3.24,IN,1699297933
30,Olonkinbyen,70.9221,-8.7187,-0.64,69,100,7.65,SJ,1699297934
31,Laguna,38.421,-121.4238,21.7,71,20,5.66,US,1699297934
32,Komatsu,36.4026,136.4509,14.9,90,100,6.62,JP,1699297934
33,Grand Gaube,-20.0064,57.6608,24.22,75,87,1.34,MU,1699297935
34,La Santisima Trinidad,-14.8333,-64.9,41.71,20,100,2.44,BO,1699297936
35,Bethel,41.3712,-73.414,12.51,63,0,4.12,US,1699297936
36,Broken Hill,-31.95,141.4333,21.03,52,1,6.44,AU,1699297936
37,West Island,-12.1568,96.8225,25.99,78,40,6.17,CC,1699297936
38,Port-aux-Français,-49.35,70.2167,1.73,69,26,16.9,TF,1699297937
39,Iqaluit,63.7506,-68.5145,-9.15,78,75,5.66,CA,1699297937
40,Naryan-Mar,67.6713,53.087,1.73,100,100,8.94,RU,1699297937
41,Chibougamau,49.9168,-74.3659,-4.21,68,100,5.14,CA,1699297937
42,Aasiaat,68.7098,-52.8699,-10.94,86,100,2.79,GL,1699297937
43,Flying Fish Cove,-10.4217,105.6791,25.82,88,100,3.09,CX,1699297938
44,Edinburgh of the Seven Seas,-37.0676,-12.3116,15.22,98,100,11.11,SH,1699297938
45,Margaret River,-33.95,115.0667,14.43,82,49,5.07,AU,1699297938
46,Hancheng,32.5186,112.3522,10.93,61,0,2.09,CN,1699297939
47,Koné,-21.0595,164.8658,19.81,81,75,2.27,NC,1699297939
48,Baraboo,43.4711,-89.7443,20.08,52,0,8.23,US,1699297939
49,Papatowai,-46.5619,169.4708,9.51,81,100,2.37,NZ,1699297940
50,Coquimbo,-29.9533,-71.3436,17.85,67,75,4.63,CL,1699297397
51,Port Elizabeth,-33.918,25.5701,17.4,94,100,0.89,ZA,1699297940
52,Pingliang,35.5392,106.6861,4.49,51,3,1.2,CN,1699297940
53,Guarapari,-20.6667,-40.4975,23.83,66,0,5.42,BR,1699297940
54,Águas Vermelhas,-15.7472,-41.46,22.61,79,100,2.59,BR,1699297941
55,Waitangi,-43.9535,-176.5597,12.12,96,100,2.68,NZ,1699297895
56,Puerto Natales,-51.7236,-72.4875,13.25,44,40,10.8,CL,1699297690
57,Hawaiian Paradise Park,19.5933,-154.9731,25.49,91,40,1.54,US,1699297941
58,New Norfolk,-42.7826,147.0587,9.84,98,83,1.21,AU,1699297941
59,Dudinka,69.4058,86.1778,-20.71,100,91,2.66,RU,1699297941
60,Bikenibeu Village,1.3673,173.1241,27.98,83,75,3.09,KI,1699297942
61,Sabang,5.8933,95.3214,27.7,74,70,1.11,ID,1699297942
62,La Sarre,48.8002,-79.1996,-1.57,97,100,5.89,CA,1699297942
63,Bamboo Flat,11.7,92.7167,27.39,82,100,1.59,IN,1699297942
64,Ribeira Grande,38.5167,-28.7,18.22,63,40,7.6,PT,1699297942
65,Lerwick,60.1545,-1.1494,9.0,86,100,3.62,GB,1699297787
66,The Pas,53.8251,-101.2541,-2.08,64,94,3.48,CA,1699297881
67,Albany,42.6001,-73.9662,10.85,52,100,0.45,US,1699297775
68,Adam,22.3756,57.5233,26.37,53,73,6.45,OM,1699297943
69,Kingston,17.997,-76.7936,30.12,59,100,1.38,JM,1699297679
70,Saint-Philippe,-21.3585,55.7679,20.62,82,98,4.85,RE,1699297943
71,Betioky,-23.7167,44.3833,21.86,84,6,1.82,MG,1699297944
72,Ocean Shores,46.9737,-124.1563,10.57,97,100,3.6,US,1699297944
73,Crane,31.3974,-102.3501,27.71,21,0,3.52,US,1699297944
74,Shenjiamen,29.9576,122.298,15.39,46,0,6.78,CN,1699297944
75,Nemuro,43.3236,145.575,15.3,96,100,14.73,JP,1699297944
76,Ulladulla,-35.35,150.4667,12.48,86,22,2.38,AU,1699297945
77,East London,-33.0153,27.9116,20.18,95,100,3.5,ZA,1699297945
78,Angaur State,6.906,134.13,28.65,69,11,0.7,PW,1699297945
79,Ust-Nera,64.5667,143.2,-23.9,98,98,1.68,RU,1699297945
80,Carauari,-4.8828,-66.8958,32.73,54,100,0.18,BR,1699297946
81,Rongelap,11.1635,166.8941,27.96,69,70,10.39,MH,1699297946
82,Tan-Tan,28.438,-11.1032,19.67,72,2,10.95,MA,1699297779
83,Balkanabat,39.5108,54.3671,20.09,29,1,3.9,TM,1699297757
84,San Luis de la Loma,17.2706,-100.8939,29.86,70,95,2.13,MX,1699297946
85,Along,28.1667,94.7667,14.24,73,40,0.85,IN,1699297947
86,Lebu,-37.6167,-73.65,12.48,93,100,6.97,CL,1699297790
87,Irymple,-34.25,142.1667,19.19,28,10,3.86,AU,1699297947
88,Greenville,35.6127,-77.3663,25.08,37,0,1.34,US,1699297912
89,Panauti̇̄,27.5814,85.5124,13.45,94,20,1.03,NP,1699297947
90,Tevriz,57.509,72.4042,-3.8,94,100,1.78,RU,1699297948
91,Jamestown,42.097,-79.2353,16.4,40,0,5.66,US,1699297948
92,Hinton,53.4001,-117.5857,4.55,71,100,1.56,CA,1699297948
93,George Town,5.4112,100.3354,27.23,89,20,1.54,MY,1699297948
94,Tuy Hoa,13.0833,109.3,25.1,91,100,2.58,VN,1699297948
95,Pacific Grove,36.6177,-121.9166,20.23,84,100,4.47,US,1699297949
96,Palāsa,18.7667,84.4167,24.5,79,100,1.82,IN,1699297949
97,Uray,60.1247,64.7758,-0.07,73,0,3.58,RU,1699297949
98,Kirakira,-10.4544,161.9205,25.56,89,100,3.45,SB,1699297950
99,Shangqiu,34.45,115.65,7.84,47,0,2.78,CN,1699297950
100,Rāhatgarh,23.7833,78.3667,22.42,38,100,0.84,IN,1699297950
101,Portland,45.5234,-122.6762,13.99,86,100,6.17,US,1699297127
102,San Gabriel,34.0961,-118.1058,27.42,42,0,0.89,US,1699297688
103,Fort McMurray,56.7268,-111.381,0.77,80,100,4.63,CA,1699297903
104,Abbeville,50.1,1.8333,10.98,92,79,4.11,FR,1699297951
105,Tura,25.5198,90.2201,17.78,84,0,1.45,IN,1699297951
106,Pereira Barreto,-20.6383,-51.1092,34.71,17,23,3.49,BR,1699297895
107,Kargil,34.5667,76.1,-0.99,47,100,1.36,IN,1699297951
108,Mount Isa,-20.7333,139.5,14.87,38,0,0.0,AU,1699297951
109,Margate,51.3813,1.3862,9.83,83,17,2.68,GB,1699297951
110,Afaahiti,-17.75,-149.2833,25.93,84,92,3.74,PF,1699297952
111,São Gabriel da Cachoeira,-0.1303,-67.0892,30.28,74,69,0.94,BR,1699297952
112,Iskateley,67.6803,53.1512,1.68,100,100,8.94,RU,1699297952
113,Longyearbyen,78.2186,15.6401,-14.09,72,40,3.6,SJ,1699297952
114,Tayshet,55.9342,98.0044,-6.3,85,100,2.99,RU,1699297952
115,Caleta de Carquín,-11.0925,-77.6267,21.55,72,48,4.37,PE,1699297953
116,Talnakh,69.4865,88.3972,-18.85,98,76,3.2,RU,1699297953
117,Kalabo,-14.97,22.6814,24.42,63,96,2.21,ZM,1699297953
118,Stanley,54.868,-1.6985,7.06,93,20,2.57,GB,1699297953
119,Wenxing,28.6667,112.8833,14.52,44,100,1.3,CN,1699297953
120,Acajutla,13.5928,-89.8275,28.5,78,100,2.43,SV,1699297954
121,Avarua,-21.2078,-159.775,23.03,60,40,4.63,CK,1699297954
122,Santa Cruz de la Sierra,-17.8,-63.1667,39.65,22,8,5.88,BO,1699297688
123,Vanino,49.0869,140.2543,-1.71,94,100,4.94,RU,1699297954
124,Chipinge,-20.1883,32.6236,20.6,50,71,3.0,ZW,1699297954
125,Bredasdorp,-34.5322,20.0403,15.76,72,3,4.28,ZA,1699297791
126,Uturoa,-16.7333,-151.4333,25.41,84,52,5.93,PF,1699297955
127,Praia da Vitória,38.7333,-27.0667,17.09,72,99,4.78,PT,1699297955
128,Horta,38.5333,-28.6333,17.8,71,40,7.6,PT,1699297956
129,Rémire-Montjoly,4.9167,-52.2667,32.02,62,20,6.69,GF,1699297956
130,Yellowknife,62.456,-114.3525,-5.71,86,100,6.17,CA,1699297956
131,Lompoc,34.6391,-120.4579,26.5,71,20,6.69,US,1699297956
132,Tucumã,-0.1833,-50.05,31.18,59,99,4.0,BR,1699297957
133,Thompson,55.7435,-97.8558,-5.11,44,28,3.38,CA,1699297896
134,Verbilki,56.5333,37.6,11.2,82,99,5.82,RU,1699297957
135,Bilibino,68.0546,166.4372,-24.29,99,26,2.32,RU,1699297809
136,Tondano,1.3038,124.9112,19.05,92,37,0.65,ID,1699297957
137,Mejit,10.2753,170.8646,28.27,70,100,8.74,MH,1699297958
138,Fort Bragg,35.139,-79.006,25.46,39,4,0.89,US,1699297958
139,Ilhabela,-23.7781,-45.3581,22.1,69,34,2.51,BR,1699297923
140,Esil,51.9556,66.4042,1.9,58,0,3.95,KZ,1699297959
141,Cabo San Lucas,22.8909,-109.9124,31.4,65,75,1.79,MX,1699297829
142,Homosassa Springs,28.8036,-82.5759,29.57,53,0,4.63,US,1699297959
143,Yeppoon,-23.1333,150.7333,19.88,71,32,7.83,AU,1699297895
144,Careiro da Várzea,-3.2003,-59.8119,34.89,44,93,0.77,BR,1699297960
145,Mikuni,36.2171,136.1519,17.53,81,100,9.56,JP,1699297960
146,Sola,-13.8833,167.55,26.46,79,100,10.04,VU,1699297960
147,Kasongo,-4.45,26.6667,20.28,98,100,1.21,CD,1699297960
148,Osa,57.2829,55.4567,2.16,88,99,3.28,RU,1699297960
149,Qaqortoq,60.7167,-46.0333,1.2,51,100,7.43,GL,1699297961
150,Port Lincoln,-34.7333,135.8667,12.27,87,0,3.81,AU,1699297961
151,Antsiranana,-12.2787,49.2917,25.49,79,7,7.33,MG,1699297961
152,Zemio,5.0314,25.1361,24.39,74,59,1.53,CF,1699297961
153,Mutuáli,-14.8706,37.0044,29.74,37,100,0.84,MZ,1699297961
154,São João da Barra,-21.6403,-41.0511,24.16,64,6,7.7,BR,1699297962
155,Port Mathurin,-19.6833,63.4167,24.68,79,5,3.99,MU,1699297962
156,Itaituba,-4.2761,-55.9836,30.38,61,96,0.97,BR,1699297962
157,Makokou,0.5738,12.8642,23.36,92,92,1.22,GA,1699297962
158,Prince Rupert,54.3161,-130.3201,8.83,98,100,4.63,CA,1699297908
159,Miranda,3.2499,-76.2281,25.02,78,87,0.35,CO,1699297804
160,Labrador City,52.9463,-66.9114,-5.05,63,75,6.69,CA,1699297963
161,Tabou,4.423,-7.3528,26.23,87,36,3.64,CI,1699297963
162,Ilulissat,69.2167,-51.1,-3.99,46,20,5.14,GL,1699297963
163,Ebaye,8.7748,167.7392,28.01,47,0,8.75,MH,1699297963
164,Harstad,68.799,16.5293,2.31,95,98,0.45,NO,1699297963
165,Clearwater,27.9659,-82.8001,28.95,48,0,2.57,US,1699297925
166,Itoman,26.1247,127.6694,25.22,83,100,10.29,JP,1699297964
167,Hamilton,39.1834,-84.5333,23.14,48,0,9.26,US,1699297946
168,Hithadhoo,-0.6,73.0833,27.07,81,72,3.85,MV,1699297964
169,Peace River,56.2501,-117.286,1.17,100,75,2.57,CA,1699297907
170,Shantobe,52.4581,68.1839,0.33,57,6,2.48,KZ,1699297964
171,Bandar Lampung,-5.4254,105.258,23.9,88,92,1.25,ID,1699297964
172,Nagqu Prefecture,31.5,92.0,-12.47,87,2,1.27,CN,1699297965
173,Trairi,-3.2778,-39.2689,29.21,58,13,6.16,BR,1699297938
174,Kakching,24.4833,93.9833,14.43,94,2,0.28,IN,1699297965
175,Wŏnju,37.3514,127.9453,4.21,78,100,6.56,KR,1699297965
176,Alaghsas,17.0187,8.0168,28.44,11,4,4.33,NE,1699297965
177,Hermanus,-34.4187,19.2345,16.54,75,2,6.78,ZA,1699297965
178,Benito Juarez,19.385,-99.165,24.19,36,0,1.54,MX,1699297795
179,Okahandja,-21.9833,16.9167,19.14,19,0,7.76,NA,1699297966
180,Baardheere,2.3446,42.2764,25.58,80,100,3.04,SO,1699297966
181,Paita,-5.0892,-81.1144,23.91,68,89,7.4,PE,1699297966
182,Rio Grande,-32.035,-52.0986,21.64,68,0,6.91,BR,1699297966
183,Wynyard,-41.0,145.7167,12.72,89,71,5.08,AU,1699297966
184,Hadibu,12.65,54.0333,26.49,77,54,2.58,YE,1699297967
185,Santiago,-33.4569,-70.6483,23.52,45,0,8.23,CL,1699297679
186,Santiago Acatlán,18.9833,-97.9167,21.9,42,12,3.32,MX,1699297967
187,Carnarvon,-24.8667,113.6333,20.66,83,100,8.24,AU,1699297967
188,Atafu Village,-8.5421,-172.5159,28.76,72,36,3.71,TK,1699297967
189,Tromsø,69.6496,18.957,1.01,93,100,3.09,NO,1699297967
190,Seshcha,53.7361,33.3387,8.46,90,93,6.02,RU,1699297968
191,Touros,-5.1989,-35.4608,28.45,63,99,5.98,BR,1699297968
192,Happy Valley-Goose Bay,53.3168,-60.3315,0.17,51,75,12.86,CA,1699297968
193,Geraldton,-28.7667,114.6,19.23,77,100,5.66,AU,1699297968
194,Khemisset,33.6667,-6.25,14.76,66,2,4.16,MA,1699297969
195,Venice,27.0998,-82.4543,28.99,47,0,4.63,US,1699297738
196,Anloga,5.7947,0.8973,27.75,82,51,4.54,GH,1699297969
197,Businga,3.3333,20.8833,23.26,95,69,0.65,CD,1699297969
198,Saint Paul Harbor,57.79,-152.4072,-4.27,74,0,3.09,US,1699297969
199,Greymouth,-42.4667,171.2,9.03,70,11,3.15,NZ,1699297888
200,Ancud,-41.8697,-73.8203,11.43,97,100,4.39,CL,1699297970
201,Vilyuysk,63.7553,121.6247,-17.22,93,93,3.58,RU,1699297970
202,Thinadhoo,0.5333,72.9333,27.25,79,100,3.4,MV,1699297970
203,Tazovsky,67.4667,78.7,-18.32,97,97,3.69,RU,1699297970
204,Ola,59.5833,151.2833,-14.33,78,0,4.8,RU,1699297970
205,Katsuren-haebaru,26.3369,127.8719,25.22,83,90,9.18,JP,1699297970
206,Rome,43.2128,-75.4557,10.6,66,100,5.66,US,1699297971
207,Sitka,57.0531,-135.33,4.94,81,100,6.17,US,1699297971
208,Marabu,4.4148,114.0089,24.83,89,100,1.61,MY,1699297971
209,Grande Prairie,55.1667,-118.8027,3.67,79,82,0.23,CA,1699297878
210,Okha,53.5739,142.9478,-8.04,81,90,3.06,RU,1699297971
211,Kapuskasing,49.4169,-82.4331,-0.95,86,100,6.17,CA,1699297802
212,Susuman,62.7833,148.1667,-23.59,95,96,0.43,RU,1699297971
213,Hola,51.5377,23.1902,10.1,74,86,6.03,PL,1699297972
214,Kabalo,-6.05,26.9167,20.65,98,100,0.84,CD,1699297972
215,Katsuura,35.1333,140.3,22.91,83,100,14.09,JP,1699297972
216,Lázaro Cárdenas,17.9583,-102.2,29.96,67,11,3.13,MX,1699297755
217,Tazacorte,28.629,-17.9293,20.64,79,75,5.66,ES,1699297972
218,Ōme,35.7839,139.2431,22.14,82,100,4.61,JP,1699297973
219,Kamina,-8.7386,24.9906,18.46,89,100,1.11,CD,1699297973
220,Daru,-9.0763,143.2092,24.99,81,66,4.56,PG,1699297973
221,East Ballina,-28.8667,153.5833,13.78,81,55,1.41,AU,1699297912
222,Boysun,38.2061,67.1986,14.72,36,99,1.55,UZ,1699297973
223,Errachidia,31.9275,-4.4285,20.03,42,40,7.72,MA,1699297973
224,Lampazos de Naranjo,27.0167,-100.5167,27.99,37,100,2.76,MX,1699297974
225,Podgornoye,51.735,39.1496,10.36,93,0,3.0,RU,1699297974
226,Legnago,45.1832,11.3091,13.75,90,5,2.37,IT,1699297974
227,Akureyri,65.6835,-18.0878,-0.04,86,75,2.57,IS,1699297974
228,Keflavik,64.0049,-22.5624,3.24,81,75,7.72,IS,1699297974
229,Pustoshka,56.3355,29.369,7.35,94,100,3.2,RU,1699297974
230,Dolores,-36.3132,-57.6792,25.91,38,0,6.34,AR,1699297975
231,Biltine,14.5333,20.9167,30.04,16,68,4.29,TD,1699297975
232,Sake,-1.5736,29.045,17.47,94,100,0.59,CD,1699297975
233,Menongue,-14.6585,17.691,18.12,85,75,4.31,AO,1699297975
234,Chui,-33.6971,-53.4616,20.27,61,0,5.51,UY,1699297975
235,Massawa,15.6097,39.45,30.36,61,86,1.82,ER,1699297975
236,Maroantsetra,-15.4333,49.7333,23.96,87,36,2.1,MG,1699297976
237,Castillos,-34.1667,-53.8333,20.35,61,0,5.56,UY,1699297976
238,Farasān,16.7022,42.1183,29.82,69,100,1.72,SA,1699297976
239,Zaozhuang,34.8647,117.5542,6.89,34,0,0.62,CN,1699297725
240,Nema,57.5067,50.5011,5.28,83,100,5.15,RU,1699297976
241,Al Arţāwīyah,26.5053,45.3444,23.02,39,0,3.15,SA,1699297976
242,Saipan,15.1355,145.701,27.39,83,0,4.63,MP,1699297977
243,Nguigmi,14.2495,13.1092,28.75,18,27,5.55,NE,1699297977
244,Knyaze-Volkonskoye,48.4642,135.4567,-5.0,60,100,3.58,RU,1699297977
245,Dwārka,22.2394,68.9678,28.15,50,6,4.38,IN,1699297977
246,Nampula,-15.1165,39.2666,24.99,71,0,4.28,MZ,1699297977
247,Manismata,-2.4667,111.0333,23.49,94,100,0.7,ID,1699297978
248,Lihue,21.9789,-159.3672,26.58,92,100,9.77,US,1699297978
249,Pandan,14.0453,124.1694,27.14,87,99,4.61,PH,1699297978
250,Vila Velha,-20.3297,-40.2925,23.86,70,0,6.26,BR,1699297950
251,Saint-Pol-de-Léon,48.6833,-3.9833,11.48,76,42,3.58,FR,1699297978
252,Sisimiut,66.9395,-53.6735,-3.91,65,100,4.17,GL,1699297978
253,Enewetak,11.3474,162.3373,28.49,76,92,8.83,MH,1699297894
254,Kyren,51.6828,102.1408,-10.03,93,100,0.89,RU,1699297979
255,Myeik,12.4333,98.6,25.26,89,100,1.54,MM,1699297694
256,Tofol,5.3248,163.0078,28.11,78,100,6.69,FM,1699297979
257,Alo,7.4178,6.7371,26.69,83,100,1.8,NG,1699297979
258,Augusto Corrêa,-1.0217,-46.635,30.42,59,100,4.06,BR,1699297979
259,Mashhad,36.297,59.6062,15.08,63,0,0.0,IR,1699297980
260,Burumburum,11.3911,8.7234,29.33,19,100,3.22,NG,1699297980
261,Khanu Woralaksaburi,16.0617,99.8606,24.92,91,76,1.4,TH,1699297980
262,Howard Springs,-12.497,131.047,26.95,88,99,2.8,AU,1699297980
263,Thunder Bay,48.4001,-89.3168,0.58,91,100,4.75,CA,1699297705
264,Bridgewater,44.3835,-64.5155,7.04,46,80,1.79,CA,1699297857
265,Sibay,52.7181,58.6658,1.79,83,13,2.68,RU,1699297981
266,Carolina Beach,34.0352,-77.8936,26.03,51,0,1.34,US,1699297982
267,Lorengau,-2.0226,147.2712,27.28,81,97,2.64,PG,1699297982
268,Hasaki,35.7333,140.8333,23.22,79,100,15.66,JP,1699297982
269,Waingapu,-9.6567,120.2641,25.7,82,13,0.54,ID,1699297983
270,Constanța,44.1833,28.65,16.38,64,2,4.46,RO,1699297710
271,Mossel Bay,-34.1831,22.146,17.03,80,100,1.49,ZA,1699297983
272,Salinópolis,-0.6136,-47.3561,29.28,72,57,5.89,BR,1699297972
273,Lüderitz,-26.6481,15.1594,15.68,84,0,4.66,NA,1699297984
274,Dzhalagash,45.0833,64.6667,10.29,52,100,7.24,KZ,1699297984
275,Sarmiento,-45.5882,-69.07,20.62,24,100,11.23,AR,1699297984
276,Zaozërsk,69.4005,32.4476,-2.06,97,96,1.6,RU,1699297985
277,Tamanghasset,22.785,5.5228,21.95,11,0,2.57,DZ,1699297918
278,Sinabang,2.4803,96.3801,25.59,88,100,2.16,ID,1699297985
279,Utrik,11.2278,169.8474,28.11,67,100,9.76,MH,1699297985
280,Chonchi,-42.6128,-73.8092,12.84,98,100,2.13,CL,1699297986
281,Rizokárpaso,35.6,34.375,23.23,72,0,3.81,CY,1699297986
282,Vorgashor,67.5833,63.95,-4.09,96,100,6.15,RU,1699297986
283,Udachny,66.4167,112.4,-19.01,100,100,1.52,RU,1699297986
284,Maksatikha,57.797,35.8825,8.51,96,100,3.2,RU,1699297987
285,Haiku-Pauwela,20.9219,-156.3051,27.25,58,0,8.23,US,1699297987
286,Kumul,42.8,93.45,2.55,23,14,3.82,CN,1699297987
287,Las Palmas,28.4204,-14.0131,19.44,64,20,11.32,ES,1699297987
288,Hirara,24.8,125.2833,24.51,81,100,12.1,JP,1699297988
289,Caxias,38.7031,-9.2767,14.71,74,0,1.54,PT,1699297988
290,Dvinskoy Bereznik,62.8551,42.7072,1.37,100,100,1.44,RU,1699297988
291,Bélabo,4.9333,13.3,23.29,80,5,1.1,CM,1699297989
292,Qarqaraly,49.4058,75.4742,-0.63,35,9,0.58,KZ,1699297989
293,Balqash,46.8481,74.995,2.95,47,0,5.31,KZ,1699297989
294,Barcelos,41.5388,-8.6151,12.08,75,26,0.88,PT,1699297989
295,Lesosibirsk,58.2358,92.4828,-8.94,98,100,1.13,RU,1699297989
296,Sannicandro Garganico,41.8384,15.5654,16.16,61,13,5.63,IT,1699297989
297,Luganville,-15.5333,167.1667,25.51,83,100,5.49,VU,1699297990
298,Port Hedland,-20.3167,118.5667,28.03,34,100,2.57,AU,1699297990
299,Polyarny,69.1989,33.4478,-1.53,91,92,2.33,RU,1699297990
300,Usinsk,65.9939,57.5281,-0.52,97,100,8.49,RU,1699297990
301,Nakhon Thai,17.1006,100.8374,23.4,95,92,1.26,TH,1699297991
302,Visby,57.6409,18.296,7.24,100,100,4.63,SE,1699297991
303,Taksimo,56.3444,114.8794,-12.49,94,100,0.33,RU,1699297991
304,Hilo,19.7297,-155.09,25.9,87,40,1.54,US,1699297740
305,Weiser,44.251,-116.9693,10.73,91,100,6.77,US,1699297991
306,Revda,56.801,59.9303,-1.1,81,48,1.89,RU,1699297896
307,Ulvila,61.4284,21.871,6.04,93,100,0.51,FI,1699297992
308,Xinyuan,37.3,99.0,-6.3,36,23,2.39,CN,1699297992
309,Toamasina,-18.1667,49.3833,23.6,85,100,2.88,MG,1699297992
310,Badger,64.8,-147.5333,-7.07,90,100,0.0,US,1699297992
311,Ixtapa,20.7,-105.2,31.24,51,20,2.57,MX,1699297992
312,Chita,52.0333,113.55,-11.06,51,100,4.0,RU,1699297993
313,Punta Arenas,-53.15,-70.9167,11.63,55,44,9.69,CL,1699297993
314,Badagry,6.4167,2.8833,27.39,83,100,2.83,NG,1699297993
315,Kropyvnytskyi,48.5132,32.2597,12.36,63,0,5.22,UA,1699297826
316,Lata,40.1629,-8.3327,11.07,86,3,0.57,PT,1699297994
317,Tôlanaro,-25.0319,46.9987,22.45,81,100,6.65,MG,1699297994
318,Maloye Ganyushkino,46.6,49.2667,12.25,76,13,3.39,KZ,1699297994
319,Dryden,49.7833,-92.7503,-2.84,93,100,5.14,CA,1699297994
320,Aykhal,66.0,111.5,-17.0,100,100,1.89,RU,1699297995
321,Cadale,2.7603,46.3222,25.66,81,100,4.41,SO,1699297995
322,St. John's,47.5649,-52.7093,3.32,60,5,2.68,CA,1699297848
323,Faratsiho,-19.4,46.95,15.33,90,70,1.38,MG,1699297995
324,Dana Point,33.467,-117.6981,27.75,73,0,1.79,US,1699297995
325,Arrondissement du Havre,49.5833,0.3333,10.87,87,100,5.14,FR,1699297996
326,Dazhou,31.2159,107.5009,15.4,86,0,1.69,CN,1699297996
327,Boiling Springs,35.0465,-81.9818,24.49,28,0,2.57,US,1699297996
328,Berezovyy,51.6667,135.7,-7.98,52,100,2.91,RU,1699297996
329,Wailua Homesteads,22.0669,-159.378,26.24,93,100,9.77,US,1699297996
330,Al Masallamiyya,14.5748,33.3373,31.87,35,97,0.39,SD,1699297996
331,Cascais,38.6979,-9.4215,14.73,74,5,8.05,PT,1699297946
332,Yakeshi,49.2833,120.7333,-22.31,99,44,0.92,CN,1699297997
333,Mahārāganj,27.1333,83.5667,19.96,60,0,1.36,IN,1699297997
334,Mpika,-11.8343,31.4529,19.32,70,100,1.16,ZM,1699297997
335,Vilyuchinsk,52.9306,158.4028,-3.93,77,33,2.76,RU,1699297997
336,Port Alfred,-33.5906,26.891,17.88,97,100,0.45,ZA,1699297998
337,Gravenhurst,44.9168,-79.3663,8.52,93,100,7.72,CA,1699297998
338,Vadsø,70.0744,29.7487,0.09,86,75,3.6,NO,1699297998
339,Luau,-10.7073,22.2247,18.89,95,100,0.94,AO,1699297998
340,Magadan,59.5667,150.8,-14.34,76,0,3.47,RU,1699297998
341,Tamandaré,-8.7597,-35.1047,28.12,63,56,4.86,BR,1699297999
342,Zarghūn Shahr,32.8473,68.4457,10.2,60,100,3.11,AF,1699297999
343,Tanout,14.9709,8.8879,28.12,11,0,4.58,NE,1699297986
344,Purpe,64.4803,76.6897,-12.89,95,100,3.82,RU,1699297999
345,Takoradze,4.8845,-1.7554,26.53,88,26,3.61,GH,1699297999
346,Mlalo,-4.9333,38.9333,23.6,91,31,1.86,TZ,1699298000
347,Tual,-5.6667,132.75,27.31,81,100,5.48,ID,1699298000
348,Lichinga,-13.3128,35.2406,21.39,62,5,2.45,MZ,1699298000
349,Arkhangelsk,64.5401,40.5433,2.85,96,100,1.11,RU,1699297898
350,Klaksvík,62.2266,-6.589,7.51,81,100,4.31,FO,1699298000
351,Yevpatoriya,45.1972,33.3558,16.23,82,0,4.83,UA,1699298001
352,Sal Rei,16.1833,-22.9167,27.11,74,75,6.69,CV,1699298001
353,Buala,-8.145,159.5921,26.16,86,100,1.68,SB,1699298001
354,Conduaga,8.862,117.4893,26.36,81,100,0.96,PH,1699298001
355,Ibagué,4.4389,-75.2322,25.27,78,51,2.25,CO,1699298001
356,Malango,-2.9627,119.9001,18.75,96,100,1.11,ID,1699298002
357,Yarmouth,41.7057,-70.2286,11.72,74,100,3.09,US,1699298002
358,Al Abyār,32.19,20.5965,19.08,75,0,3.7,LY,1699298002
359,Kīsh,26.5578,54.0194,28.2,54,1,5.05,IR,1699298002
360,Mammoth Lakes,37.6485,-118.9721,12.92,50,100,8.23,US,1699298003
361,I-n-Salah,27.1935,2.4607,27.48,11,77,0.48,DZ,1699298003
362,Ta`ū,-14.2336,-169.5144,26.51,83,100,11.02,AS,1699298003
363,Xilin Hot,43.9667,116.0333,-11.73,94,9,2.5,CN,1699298003
364,Slave Lake,55.2834,-114.769,0.99,60,100,4.63,CA,1699298003
365,Olovyannaya,50.95,115.5667,-11.88,80,100,1.33,RU,1699298004
366,Mitla,16.9167,-96.4,24.13,62,95,2.32,MX,1699298004
367,Tra Vinh,9.9347,106.3453,25.48,87,99,1.83,VN,1699298004
368,Sandnessjøen,66.0217,12.6316,5.23,87,75,2.57,NO,1699298004
369,Pariaman,-0.619,100.12,24.03,89,100,0.79,ID,1699298004
370,Mandalgovi,45.7625,106.2708,-8.2,65,9,8.61,MN,1699298005
371,Yemetsk,63.4721,41.7941,0.94,100,100,1.38,RU,1699298005
372,Mossamedes,-15.1961,12.1522,20.26,66,1,2.81,AO,1699298005
373,Queenstown,-31.8976,26.8753,20.35,59,100,1.97,ZA,1699298006
374,Kāvali,14.9167,79.9833,25.37,87,84,2.97,IN,1699298006
375,Tsiombe,-25.3,45.4833,23.23,76,97,2.54,MG,1699298007
376,Isla Mujeres,21.2311,-86.731,28.03,65,89,4.77,MX,1699298007
377,Cidreira,-30.1811,-50.2056,19.8,72,0,7.43,BR,1699297879
378,Cabedelo,-6.9811,-34.8339,28.08,62,25,5.17,BR,1699297943
379,Lahat,-3.8,103.5333,23.23,95,84,0.82,ID,1699298000
380,Lupane,-18.9315,27.807,28.12,35,86,3.48,ZW,1699298007
381,Tyukalinsk,55.8732,72.1967,-1.39,81,90,4.27,RU,1699298008
382,Nova Sintra,14.8667,-24.7167,23.69,77,100,9.65,CV,1699298008
383,Zaragoza,41.6561,-0.8773,13.9,37,0,5.14,ES,1699298008
384,Fort St. John,56.2499,-120.8529,-1.06,93,100,1.54,CA,1699298009
385,Glace Bay,46.1969,-59.957,6.66,52,40,4.12,CA,1699298009
386,Kerikeri,-35.2268,173.9474,11.06,93,22,1.54,NZ,1699298010
387,Karymskoye,51.6167,114.35,-10.11,57,100,1.44,RU,1699298010
388,Watertown,42.3709,-71.1828,10.51,65,100,4.12,US,1699298010
389,Nuuk,64.1835,-51.7216,1.34,47,40,4.12,GL,1699298010
390,Newman,37.3138,-121.0208,22.25,63,100,1.79,US,1699298010
391,Kourou,5.1552,-52.6478,32.03,66,92,5.32,GF,1699298011
392,Vranje,42.5514,21.9003,13.05,62,7,1.19,RS,1699298011
393,Manoharpur,27.3,75.95,22.4,36,16,1.41,IN,1699298011
394,Hanzhong,33.0728,107.0303,9.98,70,0,0.55,CN,1699298011
395,Shar'ya,58.3686,45.5144,6.1,84,100,5.36,RU,1699298012
396,Boguchany,58.3814,97.4531,-7.3,94,100,1.79,RU,1699298012
397,Tremonton,41.7119,-112.1655,19.93,60,100,1.34,US,1699298012
398,Derazhnya,49.2692,27.4338,9.43,73,7,5.37,UA,1699298013
399,Oranjemund,-28.55,16.4333,15.7,88,0,2.03,NA,1699298013
400,Mokhsogollokh,61.4681,128.9203,-24.71,100,90,1.21,RU,1699298013
401,Akjoujt,19.6969,-14.4164,28.31,19,100,4.86,MR,1699298013
402,Labytnangi,66.6572,66.4183,-4.41,97,100,1.34,RU,1699298013
403,Uttoxeter,52.8984,-1.8649,8.73,91,32,4.31,GB,1699298014
404,Lusambo,-4.9667,23.45,20.75,99,100,0.99,CD,1699298014
405,Al Ain,24.1917,55.7606,25.58,53,1,3.08,AE,1699298014
406,Finisterra,42.9049,-9.2629,10.42,61,100,6.63,ES,1699298014
407,Ad Dawādimī,24.5077,44.3924,18.64,47,86,3.75,SA,1699298014
408,Scarborough,54.2797,-0.4044,9.25,89,100,2.68,GB,1699297907
409,Pisco,-13.7,-76.2167,21.68,79,21,4.34,PE,1699297893
410,El Reno,35.5323,-97.955,26.36,50,0,5.66,US,1699298015
411,Quellón,-43.1167,-73.6167,11.87,92,100,7.19,CL,1699298015
412,Swakopmund,-22.6833,14.5333,15.55,83,0,2.68,NA,1699298015
413,Shizunai-furukawachō,42.3339,142.3669,16.49,98,100,6.1,JP,1699297845
414,Charters Towers,-20.1,146.2667,19.2,81,5,3.05,AU,1699298016
415,Codrington,-38.2667,141.9667,10.75,87,33,1.94,AU,1699298016
416,Saint-Pierre,-21.3393,55.4781,21.98,78,99,5.07,RE,1699298016
417,Bozdar Wada,27.1828,68.636,28.3,19,0,2.72,PK,1699298017
418,Freeport,40.6576,-73.5832,13.54,66,0,3.6,US,1699297760
419,Ebon,4.582,168.6964,26.05,91,100,6.21,MH,1699298017
420,Vicuña,-30.0319,-70.7081,28.76,29,0,4.52,CL,1699298017
421,Marco Island,25.9363,-81.7157,29.0,41,0,2.57,US,1699298017
422,Sol'-Iletsk,51.1631,54.9918,6.97,82,100,4.86,RU,1699298018
423,Saint-Jean-de-Monts,46.7833,-2.0667,10.0,92,100,10.08,FR,1699298018
424,Comodoro Rivadavia,-45.8667,-67.5,23.92,23,0,8.75,AR,1699298018
425,Motygino,58.1831,94.7592,-6.79,90,100,4.02,RU,1699298019
426,Tralee,52.2704,-9.7026,9.46,83,56,7.43,IE,1699298019
427,Ambon City,-3.6954,128.1814,26.71,14,40,1.03,ID,1699298019
428,Bolnisi,41.4479,44.5384,15.77,58,100,2.93,GE,1699298019
429,Jimeta,9.2833,12.4667,30.1,36,66,1.54,NG,1699298019
430,Potosí,-19.5836,-65.7531,16.97,33,19,8.44,BO,1699297755
431,Taltal,-25.4,-70.4833,18.75,69,22,4.28,CL,1699298020
432,Kayangel,8.0823,134.7173,28.87,69,6,3.1,PW,1699298020
433,Suva,-18.1416,178.4415,24.71,100,75,1.03,FJ,1699298020
434,Alice Springs,-23.7,133.8833,16.75,23,2,0.0,AU,1699298020
435,Dêqên,29.9618,90.7188,-0.14,48,43,1.48,CN,1699298021
436,Howrah,22.5892,88.3103,24.0,78,20,0.0,IN,1699298021
437,Myanaung,18.2833,95.3167,24.07,86,25,2.54,MM,1699298021
438,Holualoa,19.6228,-155.9522,25.99,75,40,4.63,US,1699298021
439,Ondjiva,-17.0667,15.7333,24.86,20,67,1.43,AO,1699298022
440,Ceelbuur,4.685,46.6176,24.22,88,100,2.07,SO,1699298022
441,Allada,6.6655,2.1514,25.42,88,100,2.24,BJ,1699298022
442,Bubaque,11.2833,-15.8333,28.92,77,55,4.52,GW,1699298022
443,Sarandí del Yi,-33.35,-55.6333,23.97,51,0,6.09,UY,1699298022
444,São Félix do Xingu,-6.6447,-51.995,32.66,49,96,0.85,BR,1699298023
445,Keila,59.3036,24.4131,8.12,100,75,2.06,EE,1699298023
446,Acaraú,-2.8856,-40.12,29.36,61,13,8.31,BR,1699298023
447,Puerto Lempira,15.2667,-83.7667,30.08,70,40,0.0,HN,1699298023
448,Bardai,11.65,7.2333,27.37,20,78,3.53,NG,1699298023
449,Altai,46.3722,96.2583,-14.43,88,61,1.14,MN,1699298024
450,Yilan,24.757,121.753,22.73,92,100,2.96,TW,1699298024
451,Ocean City,39.2776,-74.5746,17.14,68,78,3.13,US,1699298024
452,Lagi,10.6667,107.7833,25.72,86,90,2.81,VN,1699298024
453,Taveta,-3.3963,37.6736,22.89,85,98,2.41,KE,1699298024
454,Krasnaya Yaruga,50.8008,35.6583,10.39,84,12,5.87,RU,1699298025
455,Chinde,26.8418,88.0763,12.29,76,0,2.11,NP,1699298025
456,La Passe,45.5549,-0.8967,11.1,75,60,9.08,FR,1699297896
457,Plastun,44.7561,136.2939,3.08,90,100,7.94,RU,1699298025
458,Uliastai,47.7417,96.8444,-21.06,81,11,2.86,MN,1699298025
459,Nogliki,51.8333,143.1667,-5.92,72,100,9.83,RU,1699298025
460,Rocha,-34.4833,-54.3333,23.27,51,0,4.7,UY,1699297877
461,Mīrābād,30.4362,61.8383,19.99,57,7,1.8,AF,1699298026
462,Doka,13.5167,35.7667,26.88,53,81,2.28,SD,1699298026
463,Santana,-0.0583,-51.1817,33.94,47,59,4.24,BR,1699298026
464,Aflou,34.1128,2.1023,11.86,65,23,6.25,DZ,1699298026
465,Maceió,-9.6658,-35.7353,27.88,68,66,5.85,BR,1699298027
466,Nikol'sk,53.7189,46.0712,9.64,72,100,7.73,RU,1699298027
467,Vallenar,-28.5708,-70.7581,27.72,25,0,4.71,CL,1699298027
468,Chamdo,31.1667,97.2333,-3.58,38,0,0.77,CN,1699298027
469,Urzhar,47.093,81.6294,2.34,45,24,1.47,KZ,1699298029
470,Pangoa,-12.1167,-73.0,33.83,37,83,2.11,PE,1699298029
471,As Sulayyil,20.4607,45.5779,27.14,35,89,3.27,SA,1699298029
472,Uíge,-7.6087,15.0613,21.98,84,99,0.39,AO,1699298030
473,Anadyr,64.75,177.4833,-15.72,84,0,5.0,RU,1699298030
474,Ugoofaaru,5.6667,73.0,27.56,73,100,0.39,MV,1699298030
475,Hotan,37.0997,79.9269,10.68,19,100,1.68,CN,1699298030
476,Lethbridge,49.7,-112.8186,10.54,49,75,2.57,CA,1699297986
477,Buon Ma Thuot,12.6667,108.05,22.01,91,100,1.83,VN,1699298031
478,Murghab,38.1702,73.9667,-2.44,40,92,1.29,TJ,1699298031
479,Almazán,41.4865,-2.5309,4.82,71,7,3.42,ES,1699298031
480,Kristiansund,63.1115,7.732,6.36,75,75,1.03,NO,1699298032
481,Ambodifotatra,-16.9833,49.85,25.63,78,8,6.35,MG,1699298032
482,Khandyga,62.6667,135.6,-33.77,98,5,0.89,RU,1699298032
483,Mersing,2.4312,103.8405,25.75,88,99,0.67,MY,1699298032
484,Shingū,33.7333,135.9833,22.72,92,99,7.37,JP,1699298032
485,Kishtwār,33.3167,75.7667,8.34,39,100,2.26,IN,1699298032
486,Port Augusta,-32.5,137.7667,15.8,72,5,5.04,AU,1699298033
487,Tara,56.8944,74.371,-2.82,95,100,1.94,RU,1699297906
488,Agustin Codazzi,10.0341,-73.2361,27.95,89,94,1.06,CO,1699298033
489,Sawang Daen Din,17.4753,103.4575,25.61,100,96,2.65,TH,1699297757
490,Morris,40.8334,-74.5329,13.69,51,75,1.54,US,1699298033
491,Turochak,52.2576,87.1224,-5.54,96,100,2.2,RU,1699298033
492,Puerto Baquerizo Moreno,-0.9,-89.6,24.77,71,77,5.91,EC,1699298033
493,Kailua-Kona,19.6406,-155.9956,27.98,75,40,4.63,US,1699297748
494,Obo,5.3998,26.4869,24.46,73,100,1.56,CF,1699298034
495,Letlhakane,-21.4167,25.5833,25.12,51,100,2.72,BW,1699298034
496,Caniço,32.6333,-16.85,19.35,69,40,7.72,PT,1699298034
497,Hobyo,5.3505,48.5268,26.94,82,94,3.27,SO,1699298034
498,Makar'yev,57.8797,43.8069,7.12,89,100,4.59,RU,1699298035
499,Inírida,3.8653,-67.9239,23.96,97,100,1.59,CO,1699298035
500,Plonéour-Lanvern,47.9,-4.2833,10.16,87,20,4.12,FR,1699298035
501,Mā‘ili,21.4219,-158.1803,29.01,54,20,4.12,US,1699298035
502,Copala,16.65,-98.9833,30.39,63,20,2.61,MX,1699298035
503,Bac Kan,22.1333,105.8333,20.17,99,100,0.62,VN,1699298035
504,Sikonge,-5.6333,32.7667,20.26,87,99,1.29,TZ,1699298036
505,San Jose,37.3394,-121.895,21.72,70,100,4.02,US,1699297792
506,Senanga,-16.1167,23.2667,23.4,71,91,1.44,ZM,1699298036
507,Kupang,-10.1667,123.5833,25.32,88,19,0.51,ID,1699298036
508,Santa Maria,-29.6842,-53.8069,26.19,60,0,3.47,BR,1699297756
509,Thaba-Tseka,-29.522,28.6084,15.11,71,100,1.87,LS,1699298036
510,Okhotsk,59.3833,143.3,-17.81,84,0,8.73,RU,1699298037
511,Nassau,40.7507,-73.5829,13.37,67,0,3.6,US,1699298037
512,Correntina,-13.3433,-44.6367,27.46,71,100,0.13,BR,1699298037
513,Verkhnevilyuysk,63.4453,120.3167,-13.03,96,100,1.77,RU,1699298037
514,Fale old settlement,-9.3852,-171.2468,28.46,75,42,5.71,TK,1699298037
515,Messaad,34.1543,3.5031,18.95,31,57,3.84,DZ,1699298037
516,Zhangye,38.9342,100.4517,3.31,28,53,0.96,CN,1699298038
517,Mercedes,-34.6515,-59.4307,27.19,35,0,5.91,AR,1699298038
518,Mili,6.0815,171.735,28.24,79,100,7.5,MH,1699298038
519,Mount Gambier,-37.8333,140.7667,8.87,96,79,1.5,AU,1699298038
520,Nikolayevsk-on-Amur,53.1406,140.73,-11.06,89,100,1.07,RU,1699298038
521,Belomorsk,64.5232,34.7668,0.79,100,100,0.61,RU,1699298038
522,Skikda,36.8762,6.9092,19.04,79,100,1.6,DZ,1699297846
523,Kruisfontein,-34.0033,24.7314,16.01,85,100,2.51,ZA,1699298039
524,Lepsy,46.235,78.9456,0.37,49,0,4.65,KZ,1699298039
525,eSikhaleni,-28.871,31.8996,23.15,81,97,7.29,ZA,1699298039
526,Launceston,-41.45,147.1667,10.08,93,23,2.57,AU,1699298039
527,Arkhipo-Osipovka,44.37,38.52,16.47,94,11,3.92,RU,1699298040
528,Yerofey Pavlovich,53.9667,121.9667,-13.18,55,84,0.67,RU,1699298040
529,Gisborne,-38.6533,178.0042,12.71,82,88,3.32,NZ,1699298040
530,Argostoli,38.1811,20.489,21.53,52,6,2.72,GR,1699298040
531,Xiongzhou,25.1167,114.3,16.99,71,100,1.13,CN,1699298041
532,Broome,42.2506,-75.833,11.37,60,0,3.09,US,1699298041
533,Freetown,8.484,-13.2299,23.84,88,75,3.09,SL,1699298041
534,Perundurai,11.2667,77.5833,23.75,90,100,1.13,IN,1699298041
535,São Vicente,-23.9631,-46.3919,24.97,39,0,3.13,BR,1699298041
536,Mar del Plata,-38.0023,-57.5575,28.24,71,0,6.17,AR,1699297755
537,Paka,4.6374,103.4368,26.49,84,100,1.63,MY,1699298042
538,Paracatu,-17.2222,-46.8747,34.49,30,77,5.18,BR,1699298042
539,Atar,20.5169,-13.0499,27.4,22,100,4.89,MR,1699298042
540,Chākuliā,22.4833,86.7167,20.99,52,98,2.25,IN,1699298042
541,Warner,35.4943,-95.3055,27.14,50,0,5.66,US,1699298043
542,Alofi,-19.0595,-169.9187,25.94,69,100,5.66,NU,1699298043
543,Cuamba,-14.8031,36.5372,30.12,34,100,1.81,MZ,1699298043
544,Poronaysk,49.2167,143.1167,-2.42,95,100,7.38,RU,1699297756
545,Yeed,4.55,43.0333,23.51,82,100,2.9,SO,1699298044
546,Zeya,53.75,127.2667,-13.06,70,7,1.99,RU,1699298044
547,Tripoli,32.8752,13.1875,24.3,70,0,4.99,LY,1699298044
548,Aripuanã,-9.1667,-60.6333,35.55,40,98,1.04,BR,1699298045
549,Bathsheba,13.2167,-59.5167,28.34,83,40,9.26,BB,1699298045
550,Boulsa,12.6675,-0.5758,31.9,14,49,3.37,BF,1699298045
551,Sars,56.5502,57.1366,2.49,77,38,4.19,RU,1699298045
552,Nyurba,63.2842,118.3319,-13.86,98,100,0.39,RU,1699298045
553,Muang Phôn-Hông,18.4928,102.4172,22.91,95,44,1.15,LA,1699298046
554,Abu Jibeha,11.4562,31.2285,27.99,50,100,2.04,SD,1699298046
555,Eilat,29.5581,34.9482,26.1,37,0,3.85,IL,1699298046
556,Pangody,65.85,74.4859,-9.73,92,100,5.04,RU,1699298046
557,Taroa,8.7058,171.2275,28.23,77,100,9.36,MH,1699298046
558,Petukhovo,55.0692,67.9019,-0.36,71,1,3.99,RU,1699298047
559,Tshabong,-26.05,22.45,26.85,15,91,6.56,BW,1699298047
560,Salekhard,66.53,66.6019,-3.7,97,100,2.51,RU,1699297975
561,Le Port,-20.9373,55.2919,22.98,96,98,2.01,RE,1699298047
562,Zima,53.9202,102.0442,-12.12,95,51,1.06,RU,1699298048
563,Maracaí,-22.6106,-50.6672,32.34,18,5,3.92,BR,1699298048
564,Lhokseumawe,5.1801,97.1507,26.47,84,98,2.6,ID,1699298048
565,Dhandhuka,22.3667,71.9833,27.7,31,51,3.21,IN,1699298048
566,Egilsstadir,65.2653,-14.3948,0.95,93,100,4.63,IS,1699298049
567,Arar,30.9753,41.0381,22.01,35,0,2.06,SA,1699298049
568,Padang,-0.9492,100.3543,24.03,91,93,0.95,ID,1699298049
569,Parabel',58.6978,81.4825,-8.38,96,100,2.24,RU,1699298049
570,Troy,42.6056,-83.1499,17.05,63,100,6.69,US,1699297962
571,Borçka,41.3632,41.6765,16.2,93,95,0.38,TR,1699298050
572,Taro,-8.3862,115.28,22.0,94,99,0.02,ID,1699298050
573,Kotlas,61.2611,46.6556,3.36,82,100,5.36,RU,1699298050
574,Bārah,13.7,30.3667,31.27,31,100,2.73,SD,1699298050
575,Zhangatas,43.5667,69.75,7.12,56,100,4.09,KZ,1699298050
576,Boca Suno,-0.7167,-77.1333,27.16,92,100,1.49,EC,1699298051
577,Alta Sierra,35.7291,-118.5495,14.5,43,5,4.24,US,1699298051
578,Nabire,-3.3667,135.4833,24.24,93,100,1.54,ID,1699298052
579,Island Harbour,50.724,-1.2758,11.1,85,17,0.89,GB,1699298052
580,Gaspé,48.8334,-64.4819,2.66,37,4,4.27,CA,1699297775
581,Williams Lake,52.1415,-122.1445,8.36,73,100,0.89,CA,1699298052
582,Ferkessédougou,9.6,-5.2,29.7,41,3,2.05,CI,1699298052
583,Ghat,24.9647,10.1728,26.06,14,0,2.79,LY,1699298053
584,Lā‘ie,21.6477,-157.9253,28.98,76,37,3.13,US,1699298053
585,Hīrna,9.2167,41.1,15.95,60,45,1.61,ET,1699298053
586,Mossendjo,-2.9506,12.7261,22.16,98,100,1.06,CG,1699298053
587,Palmas,-10.2128,-48.3603,29.81,63,100,1.3,BR,1699298054
